company,job_title,job_location,job_duration,date_posted,url
The Washington Post,Higher Education Investigative Reporter,DC-Washington-TWP Headquarters,Full time,2022-04-28,https://washpost.wd5.myworkdayjobs.com/en-US/washingtonpostcareers/job/DC-Washington-TWP-Headquarters/Higher-Education-Investigative-Reporter_JR-90273441-1
The Washington Post,Client Manager,DC-Washington-TWP Headquarters,Full time,2022-04-28,https://washpost.wd5.myworkdayjobs.com/en-US/washingtonpostcareers/job/DC-Washington-TWP-Headquarters/Client-Manager_JR-90273259
The Washington Post,Senior Financial Analyst,DC-Washington-TWP Headquarters,Full time,2022-04-28,https://washpost.wd5.myworkdayjobs.com/en-US/washingtonpostcareers/job/DC-Washington-TWP-Headquarters/Senior-Financial-Analyst_JR-90273464
The Washington Post,Compensation Analyst,DC-Washington-TWP Headquarters,Full time,2022-04-28,https://washpost.wd5.myworkdayjobs.com/en-US/washingtonpostcareers/job/DC-Washington-TWP-Headquarters/Compensation-Analyst_JR-90273516-1
The Washington Post,Senior Software Engineer,DC-Washington-TWP Headquarters,Full time,2022-04-28,https://washpost.wd5.myworkdayjobs.com/en-US/washingtonpostcareers/job/DC-Washington-TWP-Headquarters/Senior-Software-Engineer_JR-90273514
The Washington Post,"Reporter, Climate Solutions",DC-Washington-TWP Headquarters,Full time,2022-04-28,https://washpost.wd5.myworkdayjobs.com/en-US/washingtonpostcareers/job/DC-Washington-TWP-Headquarters/Reporter--Climate-Solutions_JR-90273513
The Washington Post,"Graphics Reporter, Climate",DC-Washington-TWP Headquarters,Full time,2022-04-28,https://washpost.wd5.myworkdayjobs.com/en-US/washingtonpostcareers/job/DC-Washington-TWP-Headquarters/Graphics-Reporter--Climate_JR-90273505
The Washington Post,Senior Back End Software Engineer,DC-Washington-TWP Headquarters,Full time,2022-04-28,https://washpost.wd5.myworkdayjobs.com/en-US/washingtonpostcareers/job/DC-Washington-TWP-Headquarters/Senior-Back-End-Software-Engineer_JR-90273479
The Washington Post,"Software Engineer, iOS",DC-Washington-TWP Headquarters,Full time,2022-04-28,https://washpost.wd5.myworkdayjobs.com/en-US/washingtonpostcareers/job/DC-Washington-TWP-Headquarters/Software-Engineer--iOS_JR-90273478
The Washington Post,Senior Financial Accountant,DC-Washington-TWP Headquarters,Full time,2022-04-28,https://washpost.wd5.myworkdayjobs.com/en-US/washingtonpostcareers/job/DC-Washington-TWP-Headquarters/Senior-Financial-Accountant_JR-90273512
The Washington Post,Senior Revenue Accountant,DC-Washington-TWP Headquarters,Full time,2022-04-28,https://washpost.wd5.myworkdayjobs.com/en-US/washingtonpostcareers/job/DC-Washington-TWP-Headquarters/Senior-Revenue-Accountant_JR-90273510
The Washington Post,Senior Payroll Specialist,DC-Washington-TWP Headquarters,Full time,2022-04-28,https://washpost.wd5.myworkdayjobs.com/en-US/washingtonpostcareers/job/DC-Washington-TWP-Headquarters/Senior-Payroll-Specialist_JR-90273364
The Washington Post,Market Research Analyst,DC-Washington-TWP Headquarters,Full time,2022-04-28,https://washpost.wd5.myworkdayjobs.com/en-US/washingtonpostcareers/job/DC-Washington-TWP-Headquarters/Market-Research-Analyst_JR-90273416
The Washington Post,Remote Senior Front End Software Engineer,DC-Washington-TWP Headquarters,Full time,2022-04-28,https://washpost.wd5.myworkdayjobs.com/en-US/washingtonpostcareers/job/DC-Washington-TWP-Headquarters/Senior-Front-End-Software-Engineer_JR-90273469-1
The Washington Post,Remote Senior Back End Software Engineer,DC-Washington-TWP Headquarters,Full time,2022-04-28,https://washpost.wd5.myworkdayjobs.com/en-US/washingtonpostcareers/job/DC-Washington-TWP-Headquarters/Senior-Back-End-Software-Engineer_JR-90273468
The Washington Post,Contract Security Specialist (part time),DC-Washington-TWP Headquarters,Part time,2022-04-28,https://washpost.wd5.myworkdayjobs.com/en-US/washingtonpostcareers/job/DC-Washington-TWP-Headquarters/Contract-Security-Specialist--part-time-_JR-90273497
The Washington Post,Mobile Android Development Intern,DC-Washington-TWP Headquarters,Full time,2022-04-27,https://washpost.wd5.myworkdayjobs.com/en-US/washingtonpostcareers/job/DC-Washington-TWP-Headquarters/Software-Engineering-Intern--Summer-2022_JR-90273109
The Washington Post,Politics Opinions Editor,DC-Washington-TWP Headquarters,Full time,2022-04-27,https://washpost.wd5.myworkdayjobs.com/en-US/washingtonpostcareers/job/DC-Washington-TWP-Headquarters/Politics-Opinions-Editor_JR-90273486
The Washington Post,Voices Across America Editor,DC-Washington-TWP Headquarters,Full time,2022-04-27,https://washpost.wd5.myworkdayjobs.com/en-US/washingtonpostcareers/job/DC-Washington-TWP-Headquarters/Voices-Across-America-Editor_JR-90273485
The Washington Post,Economics and Business Opinions Editor,DC-Washington-TWP Headquarters,Full time,2022-04-27,https://washpost.wd5.myworkdayjobs.com/en-US/washingtonpostcareers/job/DC-Washington-TWP-Headquarters/Economics-and-Business-Opinions-Editor_JR-90273484
The Washington Post,"Engineering Lead, News and Articles",DC-Washington-TWP Headquarters,Full time,NA,https://washpost.wd5.myworkdayjobs.com/en-US/washingtonpostcareers/job/DC-Washington-TWP-Headquarters/Engineering-Lead--News-and-Articles_JR-90273466
The Washington Post,Customer Care Specialist,DC-Washington-TWP Headquarters,Full time,2022-04-27,https://washpost.wd5.myworkdayjobs.com/en-US/washingtonpostcareers/job/DC-Washington-TWP-Headquarters/Customer-Care-Specialist_JR-90273481
The Washington Post,"Director, Digital Marketing",IL-Chicago-TWP Engineering,Full time,2022-04-27,https://washpost.wd5.myworkdayjobs.com/en-US/washingtonpostcareers/job/IL-Chicago-TWP-Engineering/Director--Digital-Marketing_JR-90273232-1
The Washington Post,"Manager, Financial Accounting",DC-Washington-TWP Headquarters,Full time,2022-04-26,https://washpost.wd5.myworkdayjobs.com/en-US/washingtonpostcareers/job/DC-Washington-TWP-Headquarters/Manager--Financial-Accounting_JR-90273296
The Washington Post,Senior Financial Accountant,DC-Washington-TWP Headquarters,Full time,2022-04-26,https://washpost.wd5.myworkdayjobs.com/en-US/washingtonpostcareers/job/DC-Washington-TWP-Headquarters/Senior-Financial-Accountant_JR-90273309
The Washington Post,HR Manager,VA-Springfield-TWP Plant,Full time,2022-04-26,https://washpost.wd5.myworkdayjobs.com/en-US/washingtonpostcareers/job/VA-Springfield-TWP-Plant/Production-HR-Manager_JR-90273457
The Washington Post,"Senior Full Stack Software Engineer, Platform Engineer Core Products",Anywhere in U.S.,Full time,2022-04-26,https://washpost.wd5.myworkdayjobs.com/en-US/washingtonpostcareers/job/Anywhere-in-US/Senior-Full-Stack-Software-Engineer--Platform-Engineer-Core-Products_JR-90273347-1
The Washington Post,"Senior Front End Software Engineer, Personnel Team",DC-Washington-TWP Headquarters,Full time,2022-04-26,https://washpost.wd5.myworkdayjobs.com/en-US/washingtonpostcareers/job/DC-Washington-TWP-Headquarters/Senior-Front-End-Software-Engineer--Personnel-Team_JR-90273437
The Washington Post,Utility Worker,VA-Springfield-TWP Plant,Full time,2022-04-26,https://washpost.wd5.myworkdayjobs.com/en-US/washingtonpostcareers/job/VA-Springfield-TWP-Plant/Utility-Worker_JR-90272700
The Washington Post,Data Analyst,DC-Washington-TWP Headquarters,Full time,2022-04-25,https://washpost.wd5.myworkdayjobs.com/en-US/washingtonpostcareers/job/DC-Washington-TWP-Headquarters/Data-Analyst_JR-90273342
The Washington Post,Senior Product Designer,Anywhere in U.S.,Full time,2022-04-25,https://washpost.wd5.myworkdayjobs.com/en-US/washingtonpostcareers/job/Anywhere-in-US/Senior-Product-Designer_JR-90273139
The Washington Post,Events Specialist,DC-Washington-TWP Headquarters,Full time,2022-04-25,https://washpost.wd5.myworkdayjobs.com/en-US/washingtonpostcareers/job/DC-Washington-TWP-Headquarters/Events-Specialist_JR-90273368
The Washington Post,Industrial Electrician,VA-Springfield-TWP Plant,Full time,2022-04-25,https://washpost.wd5.myworkdayjobs.com/en-US/washingtonpostcareers/job/VA-Springfield-TWP-Plant/Industrial-Electrician_JR-90273289
The Washington Post,Building Engineer,VA-Springfield-TWP Plant,Full time,2022-04-25,https://washpost.wd5.myworkdayjobs.com/en-US/washingtonpostcareers/job/VA-Springfield-TWP-Plant/Building-Engineer_JR-90272447
The Washington Post,Client Partner,NY-New York TWP,Full time,2022-04-25,https://washpost.wd5.myworkdayjobs.com/en-US/washingtonpostcareers/job/NY-New-York-TWP/Client-Partner_JR-90273470
The Washington Post,"Manager, Engineering",COLOMBIA- TWP Remote Office,Full time,2022-04-25,https://washpost.wd5.myworkdayjobs.com/en-US/washingtonpostcareers/job/COLOMBIA--TWP-Remote-Office/Manager--Engineering_JR-90273397
The Washington Post,"Senior Full Stack Software Engineer, Rendering Platform",Anywhere in U.S.,Full time,2022-04-25,https://washpost.wd5.myworkdayjobs.com/en-US/washingtonpostcareers/job/Anywhere-in-US/Senior-Full-Stack-Software-Engineer--Rendering-Platform_JR-90273434
The Washington Post,"Supervisor, Maintenance",VA-Springfield-TWP Plant,Full time,2022-04-25,https://washpost.wd5.myworkdayjobs.com/en-US/washingtonpostcareers/job/VA-Springfield-TWP-Plant/Supervisor--Maintenance_JR-90273480
The Washington Post,Press Operator Trainee,VA-Springfield-TWP Plant,Full time,2022-04-25,https://washpost.wd5.myworkdayjobs.com/en-US/washingtonpostcareers/job/VA-Springfield-TWP-Plant/Press-Operator-Trainee_JR-90273487
The Washington Post,Design Lead,Anywhere in U.S.,Full time,2022-04-25,https://washpost.wd5.myworkdayjobs.com/en-US/washingtonpostcareers/job/Anywhere-in-US/Design-Lead_JR-90273409
The Washington Post,Principal Back End Software Engineer,IL-Chicago-TWP Engineering,Full time,2022-04-22,https://washpost.wd5.myworkdayjobs.com/en-US/washingtonpostcareers/job/IL-Chicago-TWP-Engineering/Principal-Back-End-Software-Engineer_JR-90273494-1
The Washington Post,Contract Technical Recruiter,DC-Washington-TWP Headquarters,Full time,2022-04-22,https://washpost.wd5.myworkdayjobs.com/en-US/washingtonpostcareers/job/DC-Washington-TWP-Headquarters/Contract-Technical-Recruiter_JR-90273477-1
The Washington Post,"Director, Head of West Coast Partnership Sales",Anywhere in U.S.,Full time,2022-04-22,https://washpost.wd5.myworkdayjobs.com/en-US/washingtonpostcareers/job/Anywhere-in-US/Director--Head-of-West-Coast-Partnership-Sales_JR-90273492
The Washington Post,Industrial Mechanic,VA-Springfield-TWP Plant,Full time,2022-04-22,https://washpost.wd5.myworkdayjobs.com/en-US/washingtonpostcareers/job/VA-Springfield-TWP-Plant/Industrial-Mechanic_JR-90272735
The Washington Post,Food Editorial Aide,DC-Washington-TWP Headquarters,Full time,2022-04-21,https://washpost.wd5.myworkdayjobs.com/en-US/washingtonpostcareers/job/DC-Washington-TWP-Headquarters/Food-Editorial-Aide_JR-90273483
The Washington Post,Features Photo Assignment Editor,DC-Washington-TWP Headquarters,Full time,2022-04-21,https://washpost.wd5.myworkdayjobs.com/en-US/washingtonpostcareers/job/DC-Washington-TWP-Headquarters/Features-Photo-Assignment-Editor_JR-90273482-1
The Washington Post,Systems Administrator (SaaS & Third-Party Applications),DC-Washington-TWP Headquarters,Full time,2022-04-21,https://washpost.wd5.myworkdayjobs.com/en-US/washingtonpostcareers/job/DC-Washington-TWP-Headquarters/Systems-Administrator_JR-90273317
The Washington Post,"Publicist, Streaming and Social Platforms",DC-Washington-TWP Headquarters,Full time,2022-04-21,https://washpost.wd5.myworkdayjobs.com/en-US/washingtonpostcareers/job/DC-Washington-TWP-Headquarters/Publicist--Emerging-Platforms_JR-90273341
The Washington Post,International Lifecycle Marketing Manager,UK-London CWS - WeWork,Full time,2022-04-21,https://washpost.wd5.myworkdayjobs.com/en-US/washingtonpostcareers/job/UK-London-CWS---WeWork/International-Lifecycle-Marketing-Manager_JR-90273415
The Washington Post,"Senior Technical Architect, Financial Systems",DC-Washington-TWP Headquarters,Full time,2022-04-21,https://washpost.wd5.myworkdayjobs.com/en-US/washingtonpostcareers/job/DC-Washington-TWP-Headquarters/Senior-Technical-Architect_JR-90273418
The Washington Post,CDL Circulation Driver,VA-Springfield-TWP Plant,Part time,2022-04-21,https://washpost.wd5.myworkdayjobs.com/en-US/washingtonpostcareers/job/VA-Springfield-TWP-Plant/CDL-Circulation-Driver_JR-90271794
The Washington Post,Utility Mailer,VA-Springfield-TWP Plant,Part time,2022-04-21,https://washpost.wd5.myworkdayjobs.com/en-US/washingtonpostcareers/job/VA-Springfield-TWP-Plant/Utility-Mailer_JR-90272692
The Washington Post,Zeus Prime Growth Director,DC-Washington-TWP Headquarters,Full time,2022-04-20,https://washpost.wd5.myworkdayjobs.com/en-US/washingtonpostcareers/job/DC-Washington-TWP-Headquarters/Zeus-Prime-Growth-Director_JR-90273365
The Washington Post,Climate & Weather Breaking News Video Producer/Editor,DC-Washington-TWP Headquarters,Full time,2022-04-20,https://washpost.wd5.myworkdayjobs.com/en-US/washingtonpostcareers/job/DC-Washington-TWP-Headquarters/Climate---Weather-Breaking-News-Video-Producer-Editor_JR-90273461
The Washington Post,Senior Financial Analyst,DC-Washington-TWP Headquarters,Full time,2022-04-20,https://washpost.wd5.myworkdayjobs.com/en-US/washingtonpostcareers/job/DC-Washington-TWP-Headquarters/Senior-Financial-Analyst_JR-90273376
The Washington Post,"Senior Front End Software Engineer, Homepage",DC-Washington-TWP Headquarters,Full time,2022-04-20,https://washpost.wd5.myworkdayjobs.com/en-US/washingtonpostcareers/job/DC-Washington-TWP-Headquarters/Senior-Front-End-Software-Engineer--Homepage_JR-90273428
The Washington Post,Digital Marketing Specialist (Print),DC-Washington-TWP Headquarters,Full time,2022-04-19,https://washpost.wd5.myworkdayjobs.com/en-US/washingtonpostcareers/job/DC-Washington-TWP-Headquarters/Digital-Marketing-Specialist--Offline-_JR-90273382
The Washington Post,"Marketing Manager, Acquisitions",DC-Washington-TWP HeadquartersNY-New York TWP,Full time,2022-04-19,https://washpost.wd5.myworkdayjobs.com/en-US/washingtonpostcareers/job/DC-Washington-TWP-Headquarters/Manager--Lifecycle-Conversion-and-Winback_JR-90273235
The Washington Post,"Marketing Manager, Lifecycle",DC-Washington-TWP HeadquartersNY-New York TWP,Full time,2022-04-19,https://washpost.wd5.myworkdayjobs.com/en-US/washingtonpostcareers/job/DC-Washington-TWP-Headquarters/Manager--Lifecycle-Marketing_JR-90273236
The Washington Post,"Benefits Specialist, Leave & Workers Compensation",DC-Washington-TWP Headquarters,Full time,2022-04-19,https://washpost.wd5.myworkdayjobs.com/en-US/washingtonpostcareers/job/DC-Washington-TWP-Headquarters/Benefits-Specialist--Leave---Workers-Compensation_JR-90273465
The Washington Post,Data Scientist,DC-Washington-TWP Headquarters,Full time,2022-04-19,https://washpost.wd5.myworkdayjobs.com/en-US/washingtonpostcareers/job/DC-Washington-TWP-Headquarters/Data-Scientist_JR-90273458
The Washington Post,Client Service Manager,DC-Washington-TWP Headquarters,Full time,2022-04-19,https://washpost.wd5.myworkdayjobs.com/en-US/washingtonpostcareers/job/DC-Washington-TWP-Headquarters/Client-Service-Manager_JR-90273473
The Washington Post,Senior International Benefits Specialist,DC-Washington-TWP Headquarters,Full time,2022-04-18,https://washpost.wd5.myworkdayjobs.com/en-US/washingtonpostcareers/job/DC-Washington-TWP-Headquarters/Senior-International-Benefits-Specialist_JR-90273308
The Washington Post,"Manager, Benefits Administration",DC-Washington-TWP Headquarters,Full time,2022-04-18,https://washpost.wd5.myworkdayjobs.com/en-US/washingtonpostcareers/job/DC-Washington-TWP-Headquarters/Manager--Benefits-Administration_JR-90273307
The Washington Post,Production Technician,DC-Washington-TWP Headquarters,Full time,2022-04-18,https://washpost.wd5.myworkdayjobs.com/en-US/washingtonpostcareers/job/DC-Washington-TWP-Headquarters/Production-Technician_JR-90273367
The Washington Post,Lifecycle Marketing Lead,DC-Washington-TWP HeadquartersNY-New York TWP,Full time,2022-04-18,https://washpost.wd5.myworkdayjobs.com/en-US/washingtonpostcareers/job/DC-Washington-TWP-Headquarters/Lifecycle-Engagement-Lead_JR-90273240
The Washington Post,Senior Video Producer,DC-Washington-TWP Headquarters,Full time,2022-04-18,https://washpost.wd5.myworkdayjobs.com/en-US/washingtonpostcareers/job/DC-Washington-TWP-Headquarters/Senior-Video-Producer_JR-90273460-1
The Washington Post,"Senior Software Engineer, Financial Systems",Anywhere in U.S.,Full time,2022-04-18,https://washpost.wd5.myworkdayjobs.com/en-US/washingtonpostcareers/job/Anywhere-in-US/Senior-Software-Engineer--Financial-Systems_JR-90273420
The Washington Post,CDL Circulation Driver,VA-Springfield-TWP Plant,Part time,2022-04-18,https://washpost.wd5.myworkdayjobs.com/en-US/washingtonpostcareers/job/VA-Springfield-TWP-Plant/CDL-Circulation-Driver_JR-90273454
The Washington Post,CDL Circulation Driver,VA-Springfield-TWP Plant,Part time,NA,https://washpost.wd5.myworkdayjobs.com/en-US/washingtonpostcareers/job/VA-Springfield-TWP-Plant/CDL-Circulation-Driver_JR-90273456
The Washington Post,CDL Circulation Driver,VA-Springfield-TWP Plant,Full time,NA,https://washpost.wd5.myworkdayjobs.com/en-US/washingtonpostcareers/job/VA-Springfield-TWP-Plant/CDL-Circulation-Driver_JR-90273455
The Washington Post,"Engineering Lead, Core Infrastructure",DC-Washington-TWP Headquarters,Full time,2022-04-14,https://washpost.wd5.myworkdayjobs.com/en-US/washingtonpostcareers/job/DC-Washington-TWP-Headquarters/Engineering-Lead--Core-Infrastructure_JR-90273445
The Washington Post,"Senior Back End Software Engineer, Core Applications",DC-Washington-TWP Headquarters,Full time,2022-04-14,https://washpost.wd5.myworkdayjobs.com/en-US/washingtonpostcareers/job/DC-Washington-TWP-Headquarters/Senior-Back-End-Software-Engineer--Core-Applications_JR-90273444
The Washington Post,Breaking-News Reporter (Seoul),Seoul Bureau/News Hub,Full time,2022-04-13,https://washpost.wd5.myworkdayjobs.com/en-US/washingtonpostcareers/job/Seoul-BureauNews-Hub/Breaking-News-Reporter--Seoul-_JR-90273449
The Washington Post,Breaking-News Reporter (London),London News Hub,Full time,2022-04-13,https://washpost.wd5.myworkdayjobs.com/en-US/washingtonpostcareers/job/London-News-Hub/Breaking-News-Reporter--London-_JR-90273450
The Washington Post,Sr. Custodian,VA-Springfield-TWP Plant,Full time,2022-04-12,https://washpost.wd5.myworkdayjobs.com/en-US/washingtonpostcareers/job/VA-Springfield-TWP-Plant/Sr-Custodian_JR-90273225
The Washington Post,"Product Manager, Mobile Apps",DC-Washington-TWP Headquarters,Full time,2022-04-12,https://washpost.wd5.myworkdayjobs.com/en-US/washingtonpostcareers/job/DC-Washington-TWP-Headquarters/Product-Manager--Mobile-Apps_JR-90273403
The Washington Post,Principal Software Engineer,Anywhere in U.S.,Full time,2022-04-12,https://washpost.wd5.myworkdayjobs.com/en-US/washingtonpostcareers/job/Anywhere-in-US/Principal-Software-Engineer_JR-90273214-2
The Washington Post,Weekend Breaking-News Editor (London),London News Hub,Full time,2022-04-12,https://washpost.wd5.myworkdayjobs.com/en-US/washingtonpostcareers/job/London-News-Hub/Weekend-Breaking-News-Editor--London-_JR-90273447
The Washington Post,Weekend Breaking-News Editor (Seoul),Seoul Bureau/News Hub,Full time,2022-04-12,https://washpost.wd5.myworkdayjobs.com/en-US/washingtonpostcareers/job/Seoul-BureauNews-Hub/Weekend-Breaking-News-Editor--Seoul-_JR-90273446
The Washington Post,Graphics Assignment Editors,DC-Washington-TWP Headquarters,Full time,2022-04-12,https://washpost.wd5.myworkdayjobs.com/en-US/washingtonpostcareers/job/DC-Washington-TWP-Headquarters/Graphics-Assignment-Editors_JR-90273358
The Washington Post,Senior Data Engineer,DC-Washington-TWP Headquarters,Full time,2022-04-12,https://washpost.wd5.myworkdayjobs.com/en-US/washingtonpostcareers/job/DC-Washington-TWP-Headquarters/Senior-Data-Engineer_JR-90273280
The Washington Post,Principal Data Engineer,DC-Washington-TWP HeadquartersAnywhere in U.S.,Full time,2022-04-12,https://washpost.wd5.myworkdayjobs.com/en-US/washingtonpostcareers/job/DC-Washington-TWP-Headquarters/Principal-Data-Engineer_JR-90272927
The Washington Post,"Senior Software Engineer, Zeus Thunderbolt",Anywhere in U.S.,Full time,2022-04-12,https://washpost.wd5.myworkdayjobs.com/en-US/washingtonpostcareers/job/Anywhere-in-US/Full-Stack-Senior-Software-Engineer_JR-90272623
The Washington Post,"Principal Product Manager, Next Gen",DC-Washington-TWP Headquarters,Full time,2022-04-12,https://washpost.wd5.myworkdayjobs.com/en-US/washingtonpostcareers/job/DC-Washington-TWP-Headquarters/Principal-Product-Manager--Next-Gen_JR-90273436
The Washington Post,Culture of Higher Education â€“ Roving Reporter,DC-Washington-TWP Headquarters,Full time,2022-04-12,https://washpost.wd5.myworkdayjobs.com/en-US/washingtonpostcareers/job/DC-Washington-TWP-Headquarters/Culture-of-Higher-Education---Roving-Reporter_JR-90273442
The Washington Post,"Multiplatform Editor, West Coast",CA-San Francisco-TWP Bureau,Full time,2022-04-11,https://washpost.wd5.myworkdayjobs.com/en-US/washingtonpostcareers/job/CA-San-Francisco-TWP-Bureau/Multiplatform-Editor--West-Coast_JR-90273324
The Washington Post,Front End Software Engineer,DC-Washington-TWP Headquarters,Full time,2022-04-11,https://washpost.wd5.myworkdayjobs.com/en-US/washingtonpostcareers/job/DC-Washington-TWP-Headquarters/Front-End-Software-Engineer_JR-90273424
The Washington Post,"Senior Front End Software Engineer, Live News Experience",DC-Washington-TWP Headquarters,Full time,2022-04-11,https://washpost.wd5.myworkdayjobs.com/en-US/washingtonpostcareers/job/DC-Washington-TWP-Headquarters/Senior-Front-End-Software-Engineer--Live-News-Experience_JR-90273426
The Washington Post,"Senior Front End Software Engineer, Reader Experience",DC-Washington-TWP Headquarters,Full time,2022-04-11,https://washpost.wd5.myworkdayjobs.com/en-US/washingtonpostcareers/job/DC-Washington-TWP-Headquarters/Senior-Front-End-Software-Engineer--Reader-Experience_JR-90273427
The Washington Post,Senior Election Data Engineer,DC-Washington-TWP Headquarters,Full time,2022-04-11,https://washpost.wd5.myworkdayjobs.com/en-US/washingtonpostcareers/job/DC-Washington-TWP-Headquarters/Election-Data-Engineer_JR-90273404
The Washington Post,"Senior Front End Software Engineer, Reader Experience",DC-Washington-TWP Headquarters,Full time,2022-04-11,https://washpost.wd5.myworkdayjobs.com/en-US/washingtonpostcareers/job/DC-Washington-TWP-Headquarters/Senior-Front-End-Software-Engineer--Reader-Experience_JR-90273425
The Washington Post,Publication Design Specialist,VA-Springfield-TWP Plant,Full time,2022-04-11,https://washpost.wd5.myworkdayjobs.com/en-US/washingtonpostcareers/job/VA-Springfield-TWP-Plant/Publication-Design-Specialist_JR-90273288
The Washington Post,Utility Mailer,VA-Springfield-TWP Plant,Part time,2022-04-11,https://washpost.wd5.myworkdayjobs.com/en-US/washingtonpostcareers/job/VA-Springfield-TWP-Plant/Utility-Mailer_JR-90273019
The Washington Post,"Senior Full Stack Engineer,  Subscriptions",DC-Washington-TWP Headquarters,Full time,2022-04-11,https://washpost.wd5.myworkdayjobs.com/en-US/washingtonpostcareers/job/DC-Washington-TWP-Headquarters/Senior-Full-Stack-Engineer---Subscriptions_JR-90273392
The Washington Post,Back End Software Engineer - Subscriptions,DC-Washington-TWP Headquarters,Full time,2022-04-11,https://washpost.wd5.myworkdayjobs.com/en-US/washingtonpostcareers/job/DC-Washington-TWP-Headquarters/Back-End-Software-Engineer---Subscriptions_JR-90273390
The Washington Post,Senior Technical Architect,IL-Chicago-TWP Engineering,Full time,2022-04-08,https://washpost.wd5.myworkdayjobs.com/en-US/washingtonpostcareers/job/IL-Chicago-TWP-Engineering/Senior-Technical-Architect_JR-90273421-1
The Washington Post,Principal Software Engineer,DC-Washington-TWP Headquarters,Full time,2022-04-08,https://washpost.wd5.myworkdayjobs.com/en-US/washingtonpostcareers/job/DC-Washington-TWP-Headquarters/Principal-Software-Engineer_JR-90273419-1
The Washington Post,Digital Marketing Specialist (Video),DC-Washington-TWP Headquarters,Full time,2022-04-07,https://washpost.wd5.myworkdayjobs.com/en-US/washingtonpostcareers/job/DC-Washington-TWP-Headquarters/Digital-Marketing-Specialist--Video-_JR-90273383
The Washington Post,"Manager, Financial Planning and Analysis",DC-Washington-TWP Headquarters,Full time,2022-04-07,https://washpost.wd5.myworkdayjobs.com/en-US/washingtonpostcareers/job/DC-Washington-TWP-Headquarters/Manager--Financial-Planning-and-Analysis_JR-90273377
The Washington Post,News Designer,DC-Washington-TWP Headquarters,Full time,2022-04-07,https://washpost.wd5.myworkdayjobs.com/en-US/washingtonpostcareers/job/DC-Washington-TWP-Headquarters/News-Designer_JR-90273407
The Washington Post,Data Engineer,DC-Washington-TWP Headquarters,Full time,2022-04-06,https://washpost.wd5.myworkdayjobs.com/en-US/washingtonpostcareers/job/DC-Washington-TWP-Headquarters/Data-Engineer_JR-90273350
The Washington Post,Utility Mailer,VA-Springfield-TWP Plant,Part time,2022-04-05,https://washpost.wd5.myworkdayjobs.com/en-US/washingtonpostcareers/job/VA-Springfield-TWP-Plant/Utility-Mailer_JR-90273016
The Washington Post,Industrial Mechanic,VA-Springfield-TWP Plant,Full time,2022-04-05,https://washpost.wd5.myworkdayjobs.com/en-US/washingtonpostcareers/job/VA-Springfield-TWP-Plant/Industrial-Mechanic_JR-90272740
The Washington Post,"Senior Software Engineer, DevOps & Automation for Databases",Anywhere in U.S.,Full time,2022-04-01,https://washpost.wd5.myworkdayjobs.com/en-US/washingtonpostcareers/job/Anywhere-in-US/Senior-Software-Engineer--DevOps---Automation_JR-90273196
The Washington Post,Production Technician,DC-Washington-TWP Headquarters,Full time,2022-03-31,https://washpost.wd5.myworkdayjobs.com/en-US/washingtonpostcareers/job/DC-Washington-TWP-Headquarters/Production-Technician_JR-90273366
The Washington Post,"Manager, QA Engineering",IL-Chicago-TWP Engineering,Full time,2022-03-30,https://washpost.wd5.myworkdayjobs.com/en-US/washingtonpostcareers/job/IL-Chicago-TWP-Engineering/Manager--QA-Engineering_JR-90273361
The Washington Post,"Senior Software Engineer, Application Security",Anywhere in U.S.,Full time,2022-03-29,https://washpost.wd5.myworkdayjobs.com/en-US/washingtonpostcareers/job/Anywhere-in-US/Senior-Application-Security-Engineer_JR-90272451
The Washington Post,"Brand Partnerships Lead, Next Generation",DC-Washington-TWP Headquarters,Full time,2022-03-29,https://washpost.wd5.myworkdayjobs.com/en-US/washingtonpostcareers/job/DC-Washington-TWP-Headquarters/Brand-Partnerships-Lead--Next-Generation_JR-90273363
The Washington Post,Lead Data Scientist,DC-Washington-TWP Headquarters,Full time,2022-03-29,https://washpost.wd5.myworkdayjobs.com/en-US/washingtonpostcareers/job/DC-Washington-TWP-Headquarters/Lead-Data-Scientist_JR-90273353
The Washington Post,QA Engineer,DC-Washington-TWP Headquarters,Full time,2022-03-29,https://washpost.wd5.myworkdayjobs.com/en-US/washingtonpostcareers/job/DC-Washington-TWP-Headquarters/QA-Engineer_JR-90273219-1
The Washington Post,Service Journalism Editor,DC-Washington-TWP Headquarters,Full time,2022-03-28,https://washpost.wd5.myworkdayjobs.com/en-US/washingtonpostcareers/job/DC-Washington-TWP-Headquarters/Service-Journalism-Editor_JR-90273356
The Washington Post,Senior Application Security Engineer,Anywhere in U.S.,Full time,2022-03-24,https://washpost.wd5.myworkdayjobs.com/en-US/washingtonpostcareers/job/Anywhere-in-US/Senior-Application-Security-Engineer_JR-90273227-1
The Washington Post,Events Coordinator,DC-Washington-TWP Headquarters,Full time,2022-03-23,https://washpost.wd5.myworkdayjobs.com/en-US/washingtonpostcareers/job/DC-Washington-TWP-Headquarters/Events-Coordinator_JR-90273315-1
The Washington Post,Senior Full Stack Software Engineer,IL-Chicago-TWP Engineering,Full time,2022-03-23,https://washpost.wd5.myworkdayjobs.com/en-US/washingtonpostcareers/job/IL-Chicago-TWP-Engineering/Senior-Full-Stack-Software-Engineer_JR-90273338-1
The Washington Post,"Senior Software Engineer, Publishing Tools",DC-Washington-TWP Headquarters,Full time,2022-03-22,https://washpost.wd5.myworkdayjobs.com/en-US/washingtonpostcareers/job/DC-Washington-TWP-Headquarters/Senior-Software-Engineer_JR-90273071
The Washington Post,"Senior Full Stack Software Engineer, Platform Engineering Administration",Anywhere in U.S.IL-Chicago-TWP Engineering,Full time,2022-03-22,https://washpost.wd5.myworkdayjobs.com/en-US/washingtonpostcareers/job/Anywhere-in-US/Senior-Full-Stack-Software-Engineer_JR-90273206
The Washington Post,"Senior Software Engineer, Publishing Tools",DC-Washington-TWP Headquarters,Full time,2022-03-22,https://washpost.wd5.myworkdayjobs.com/en-US/washingtonpostcareers/job/DC-Washington-TWP-Headquarters/Senior-Software-Engineer_JR-90273011
The Washington Post,"Associate General Counsel, Privacy and Compliance",DC-Washington-TWP Headquarters,Full time,2022-03-22,https://washpost.wd5.myworkdayjobs.com/en-US/washingtonpostcareers/job/DC-Washington-TWP-Headquarters/Associate-General-Counsel--Privacy-and-Compliance_JR-90273065
The Washington Post,Production Intern,VA-Springfield-TWP Plant,Full time,2022-03-21,https://washpost.wd5.myworkdayjobs.com/en-US/washingtonpostcareers/job/VA-Springfield-TWP-Plant/Production-Intern_JR-90273198
The Washington Post,"Senior Software Engineer, Android",DC-Washington-TWP Headquarters,Full time,2022-03-18,https://washpost.wd5.myworkdayjobs.com/en-US/washingtonpostcareers/job/DC-Washington-TWP-Headquarters/Senior-Software-Engineer--Android_JR-90273040
The Washington Post,"Head of SaaS Sales, The Americas",Anywhere in U.S.,Full time,2022-03-16,https://washpost.wd5.myworkdayjobs.com/en-US/washingtonpostcareers/job/Anywhere-in-US/Head-of--SaaS-Sales--The-Americas_JR-90273274-1
The Washington Post,Publication Design Specialist,DC-Washington-TWP Headquarters,Full time,2022-03-16,https://washpost.wd5.myworkdayjobs.com/en-US/washingtonpostcareers/job/DC-Washington-TWP-Headquarters/Publication-Design-Specialist_JR-90273287
The Washington Post,"Client Partner, Tech and Media",NY-New York TWP,Full time,2022-03-11,https://washpost.wd5.myworkdayjobs.com/en-US/washingtonpostcareers/job/NY-New-York-TWP/Client-Partner--Tech-and-Media_JR-90273300
The Washington Post,"Manager, Publisher Integrations",IL-Chicago-TWP Engineering,Full time,2022-03-08,https://washpost.wd5.myworkdayjobs.com/en-US/washingtonpostcareers/job/IL-Chicago-TWP-Engineering/Manager--Publisher-Integrations_JR-90273243-1
The Washington Post,Senior Data Scientist,DC-Washington-TWP Headquarters,Full time,2022-03-07,https://washpost.wd5.myworkdayjobs.com/en-US/washingtonpostcareers/job/DC-Washington-TWP-Headquarters/Senior-Data-Scientist_JR-90273272
The Washington Post,Business Intelligence Analyst,DC-Washington-TWP Headquarters,Full time,2022-03-07,https://washpost.wd5.myworkdayjobs.com/en-US/washingtonpostcareers/job/DC-Washington-TWP-Headquarters/Business-Intelligence-Analyst_JR-90273275
The Washington Post,"Technical Product Management Lead, Publishing",Anywhere in U.S.,Full time,2022-03-07,https://washpost.wd5.myworkdayjobs.com/en-US/washingtonpostcareers/job/Anywhere-in-US/Technical-Product-Management-Lead--Publishing_JR-90273104-2
The Washington Post,"Senior Technical Product Manager, Publishing Platform",Anywhere in U.S.,Full time,2022-03-07,https://washpost.wd5.myworkdayjobs.com/en-US/washingtonpostcareers/job/Anywhere-in-US/Senior-Technical-Product-Manager--Publishing-Platform_JR-90273026-1
The Washington Post,"Software Engineer, Data Products",DC-Washington-TWP Headquarters,Full time,2022-03-03,https://washpost.wd5.myworkdayjobs.com/en-US/washingtonpostcareers/job/DC-Washington-TWP-Headquarters/Software-Engineer--Data-Products_JR-90272923
The Washington Post,International Client Partner,UK-London CWS - WeWork,Full time,2022-02-23,https://washpost.wd5.myworkdayjobs.com/en-US/washingtonpostcareers/job/UK-London-CWS---WeWork/International-Client-Partner_JR-90273226
The Washington Post,"Director, Product Design",IL-Chicago-TWP EngineeringAnywhere in U.S.IL-TWP Remote Office,Full time,2022-02-15,https://washpost.wd5.myworkdayjobs.com/en-US/washingtonpostcareers/job/IL-Chicago-TWP-Engineering/Director--Product-Design_JR-90272894
The Washington Post,"Associate General Counsel, Enterprise SaaS Contracts",DC-Washington-TWP Headquarters,Full time,2022-02-09,https://washpost.wd5.myworkdayjobs.com/en-US/washingtonpostcareers/job/DC-Washington-TWP-Headquarters/Associate-General-Counsel--Enterprise-SaaS-Sales_JR-90273064
The Washington Post,Software Engineer,DC-Washington-TWP Headquarters,Full time,2022-01-24,https://washpost.wd5.myworkdayjobs.com/en-US/washingtonpostcareers/job/DC-Washington-TWP-Headquarters/Software-Engineer_JR-90273126
The Washington Post,Head of Product Operations,DC-Washington-TWP Headquarters,Full time,2022-01-11,https://washpost.wd5.myworkdayjobs.com/en-US/washingtonpostcareers/job/DC-Washington-TWP-Headquarters/Head-of-Product-Operations_JR-90273077
The Washington Post,"Senior E-commerce Specialist, Registration",DC-Washington-TWP HeadquartersAnywhere in U.S.,Full time,2022-01-05,https://washpost.wd5.myworkdayjobs.com/en-US/washingtonpostcareers/job/DC-Washington-TWP-Headquarters/Senior-E-commerce-Specialist--Onsite-and-Registration_JR-90272988
The Washington Post,Utility Mailer,VA-Springfield-TWP Plant,Part time,2021-11-15,https://washpost.wd5.myworkdayjobs.com/en-US/washingtonpostcareers/job/VA-Springfield-TWP-Plant/Utility-Mailer_JR-90272695
The Washington Post,Utility Mailer,VA-Springfield-TWP Plant,Part time,2021-10-20,https://washpost.wd5.myworkdayjobs.com/en-US/washingtonpostcareers/job/VA-Springfield-TWP-Plant/Utility-Mailer_JR-90272684
The Washington Post,Utility Mailer,VA-Springfield-TWP Plant,Part time,2021-09-29,https://washpost.wd5.myworkdayjobs.com/en-US/washingtonpostcareers/job/VA-Springfield-TWP-Plant/Utility-Mailer_JR-90272560
The Washington Post,Utility Mailer,VA-Springfield-TWP Plant,Part time,2021-08-05,https://washpost.wd5.myworkdayjobs.com/en-US/washingtonpostcareers/job/VA-Springfield-TWP-Plant/Utility-Mailer_JR-90272372
The Washington Post,Senior Front End Software Engineer,DC-Washington-TWP Headquarters,Full time,2021-07-30,https://washpost.wd5.myworkdayjobs.com/en-US/washingtonpostcareers/job/DC-Washington-TWP-Headquarters/Senior-Front-End-Software-Engineer_JR-90272509
The Washington Post,Engineering Lead,DC-Washington-TWP Headquarters,Full time,2021-07-23,https://washpost.wd5.myworkdayjobs.com/en-US/washingtonpostcareers/job/DC-Washington-TWP-Headquarters/Engineering-Lead_JR-90272472
The Washington Post,Industrial Electrician,VA-Springfield-TWP Plant,Full time,2021-06-23,https://washpost.wd5.myworkdayjobs.com/en-US/washingtonpostcareers/job/VA-Springfield-TWP-Plant/Industrial-Electrician_JR-90272404
The Washington Post,Utility Mailer,VA-Springfield-TWP Plant,Part time,2021-06-01,https://washpost.wd5.myworkdayjobs.com/en-US/washingtonpostcareers/job/VA-Springfield-TWP-Plant/Utility-Mailer_JR-90272341
The Washington Post,Utility Mailer,VA-Springfield-TWP Plant,Part time,2021-04-30,https://washpost.wd5.myworkdayjobs.com/en-US/washingtonpostcareers/job/VA-Springfield-TWP-Plant/Utility-Mailer_JR-90271913
The Washington Post,Utility Mailer,VA-Springfield-TWP Plant,Part time,2021-04-30,https://washpost.wd5.myworkdayjobs.com/en-US/washingtonpostcareers/job/VA-Springfield-TWP-Plant/Utility-Mailer_JR-90272275
The Washington Post,Utility Mailer,VA-Springfield-TWP Plant,Part time,2021-04-16,https://washpost.wd5.myworkdayjobs.com/en-US/washingtonpostcareers/job/VA-Springfield-TWP-Plant/Utility-Mailer_JR-90272209
The Washington Post,Production Intern,VA-Springfield-TWP Plant,Full time,2021-04-09,https://washpost.wd5.myworkdayjobs.com/en-US/washingtonpostcareers/job/VA-Springfield-TWP-Plant/Production-Intern_JR-90271655
The Washington Post,Diesel Mechanic,VA-Springfield-RT Work Center,Full time,2020-08-10,https://washpost.wd5.myworkdayjobs.com/en-US/washingtonpostcareers/job/VA-Springfield-RT-Work-Center/Diesel-Mechanic_JR-90271596
The Washington Post,Industrial Mechanic,VA-Springfield-TWP Plant,Full time,2020-03-06,https://washpost.wd5.myworkdayjobs.com/en-US/washingtonpostcareers/job/VA-Springfield-TWP-Plant/Industrial-Mechanic_JR-90271387
The Washington Post,CDL Circulation Driver,VA-Springfield-TWP Plant,Part time,2020-01-07,https://washpost.wd5.myworkdayjobs.com/en-US/washingtonpostcareers/job/VA-Springfield-TWP-Plant/CDL-Circulation-Driver_JR-90270919
The Washington Post,Diesel Mechanic,VA-Springfield-RT Work Center,Full time,2019-04-24,https://washpost.wd5.myworkdayjobs.com/en-US/washingtonpostcareers/job/VA-Springfield-RT-Work-Center/Diesel-Mechanic_JR-90270222
